Sujeto,Condicion,Canal,Potencia_Mu,Potencia_Beta
S001,real,C3,2.27934468421596e-06,7.375761030408342e-07
S001,real,C4,1.6431124251909187e-06,5.654207476808421e-07
S001,real,Cz,2.1739505851527112e-06,7.467779403159743e-07
S001,imaginacion,C3,2.3065114788046345e-06,6.709102160409251e-07
S001,imaginacion,C4,1.415501615001998e-06,4.882692284793914e-07
S001,imaginacion,Cz,1.9182831165649105e-06,6.559457780999463e-07
S002,real,C3,9.309049792098486e-07,4.5494949538427926e-07
S002,real,C4,5.94699396664834e-07,2.2564152734777135e-07
S002,real,Cz,9.183960474239151e-07,5.105942811156831e-07
S002,imaginacion,C3,8.412976843886022e-07,2.5445718663601123e-07
S002,imaginacion,C4,5.061966205695597e-07,2.077411725127457e-07
S002,imaginacion,Cz,8.741102158627659e-07,4.962598431463575e-07
S003,real,C3,2.0707876877745198e-06,5.899574514860183e-07
S003,real,C4,1.8892953512422197e-06,5.734953894565276e-07
S003,real,Cz,2.1287528834610978e-06,5.572001941472335e-07
S003,imaginacion,C3,2.064238236921038e-06,8.918191135278237e-07
S003,imaginacion,C4,1.8835670306364242e-06,7.76132482124895e-07
S003,imaginacion,Cz,2.1685683432158375e-06,8.254854564089301e-07
S004,real,C3,2.3178186106796743e-07,1.3593992415939027e-07
S004,real,C4,1.7222041745543645e-07,9.681509701524702e-08
S004,real,Cz,2.212841443751103e-07,1.4020208238640897e-07
S004,imaginacion,C3,2.735613895330255e-07,1.5808376638823927e-07
S004,imaginacion,C4,2.2109803922388833e-07,1.398238762058731e-07
S004,imaginacion,Cz,2.6540801527973765e-07,1.6359350864575467e-07
S005,real,C3,4.4059088179461397e-07,1.512386643254541e-07
S005,real,C4,3.616367809656737e-07,1.3501749081711124e-07
S005,real,Cz,5.166318703594164e-07,1.421054036246191e-07
S005,imaginacion,C3,4.04866982135735e-07,1.3102503604292175e-07
S005,imaginacion,C4,3.05943464284798e-07,1.2001666214373696e-07
S005,imaginacion,Cz,4.6597161390164673e-07,1.3087247871230065e-07
S006,real,C3,3.083214616691505e-07,3.5095618065615357e-07
S006,real,C4,2.2824755214799604e-07,2.539077542557807e-07
S006,real,Cz,2.493417723514266e-07,2.3945062642800383e-07
S006,imaginacion,C3,2.842709246503528e-07,2.880115827669892e-07
S006,imaginacion,C4,2.332021012582155e-07,2.0880461159775678e-07
S006,imaginacion,Cz,2.3788446435250552e-07,2.1001996545828985e-07
S007,real,C3,2.560401250003498e-06,2.7538615909637294e-07
S007,real,C4,1.7923750490810536e-06,1.9428813194812402e-07
S007,real,Cz,2.384840994801051e-06,2.2463882155055457e-07
S007,imaginacion,C3,2.843939362874227e-06,2.718120452638166e-07
S007,imaginacion,C4,1.7921916961564414e-06,1.957095773471764e-07
S007,imaginacion,Cz,2.414231098664498e-06,2.3413420733942514e-07
S008,real,C3,8.00222486155333e-07,1.3645365108628777e-07
S008,real,C4,7.580565443567744e-07,1.219085159448428e-07
S008,real,Cz,9.073582484906662e-07,1.3057814616714686e-07
S008,imaginacion,C3,7.586762479735842e-07,1.5300053119467496e-07
S008,imaginacion,C4,7.346563517925509e-07,1.3183891984023235e-07
S008,imaginacion,Cz,8.652583658869584e-07,1.4692335050293015e-07
S009,real,C3,2.0734380948118644e-06,1.1364561801408107e-06
S009,real,C4,1.868891021701005e-06,1.3887358389087786e-06
S009,real,Cz,2.2764922990939485e-06,8.33607224216463e-07
S009,imaginacion,C3,1.9595846776214393e-06,1.0401045060294882e-06
S009,imaginacion,C4,1.7357325154770831e-06,1.243982742799329e-06
S009,imaginacion,Cz,2.1619849494514636e-06,8.218422929005604e-07
S010,real,C3,2.652506349349569e-06,7.065493739279486e-07
S010,real,C4,2.201647829383906e-06,5.411461583736346e-07
S010,real,Cz,2.7609335381468247e-06,6.609469079341654e-07
S010,imaginacion,C3,2.5152792829886385e-06,6.728112307294333e-07
S010,imaginacion,C4,1.9635234522847838e-06,5.018761754966423e-07
S010,imaginacion,Cz,2.5817464881066117e-06,6.505769495536999e-07
S011,real,C3,2.4258739629502526e-07,1.399777471920816e-07
S011,real,C4,2.053105809985145e-07,1.1454885049167604e-07
S011,real,Cz,2.8347120203252977e-07,1.3999282331606968e-07
S011,imaginacion,C3,2.439184293564436e-07,1.0974351417188525e-07
S011,imaginacion,C4,2.1892208905842903e-07,9.280394991919235e-08
S011,imaginacion,Cz,3.087032438611346e-07,1.1453683571900741e-07
S012,real,C3,4.103733822458595e-07,1.5000066441663845e-07
S012,real,C4,3.7678507080256873e-07,1.1720751742604757e-07
S012,real,Cz,4.5509813132122797e-07,1.2313182806789176e-07
S012,imaginacion,C3,4.0300234233292775e-07,1.4654812648634488e-07
S012,imaginacion,C4,4.2542892726594975e-07,1.111849825525327e-07
S012,imaginacion,Cz,4.215898565313391e-07,1.1922993743347522e-07
S013,real,C3,2.950564339871333e-06,1.8172419034007936e-06
S013,real,C4,1.7458852124997139e-06,1.1101425798325861e-06
S013,real,Cz,2.6807521982022925e-06,1.305472435549392e-06
S013,imaginacion,C3,3.019073481536805e-06,1.6465401514064842e-06
S013,imaginacion,C4,2.0603980696872862e-06,1.1787057547972439e-06
S013,imaginacion,Cz,3.30377666127106e-06,1.3963037080011594e-06
S014,real,C3,1.7830398409200032e-06,2.8707599399400055e-07
S014,real,C4,1.3509991061518732e-06,2.2631740124538544e-07
S014,real,Cz,1.7653041555169059e-06,2.451938196876939e-07
S014,imaginacion,C3,2.224451537523158e-06,2.925387385685398e-07
S014,imaginacion,C4,1.8151855872168374e-06,2.426714448942774e-07
S014,imaginacion,Cz,2.4093914605960326e-06,2.535372859984789e-07
S015,real,C3,3.420146683175178e-06,1.89553701504935e-06
S015,real,C4,2.4172225676649367e-06,1.4714670939807762e-06
S015,real,Cz,3.1942060953846517e-06,1.704343173864358e-06
S015,imaginacion,C3,3.68258538252765e-06,1.675660045047986e-06
S015,imaginacion,C4,2.6982078074904426e-06,1.2823425829898038e-06
S015,imaginacion,Cz,3.536704146249571e-06,1.5564449876656615e-06
S016,real,C3,8.25452017004255e-07,2.2926384136660056e-07
S016,real,C4,6.516082317568422e-07,1.945273030128217e-07
S016,real,Cz,8.613842015540963e-07,2.2421565344864168e-07
S016,imaginacion,C3,1.069146739078491e-06,2.4090970940543466e-07
S016,imaginacion,C4,9.311020196507856e-07,2.2416444531182795e-07
S016,imaginacion,Cz,1.1541437247231079e-06,2.452141920389905e-07
S017,real,C3,2.3829907694267887e-06,1.1480803436723979e-06
S017,real,C4,2.0847817747258345e-06,9.669081010752585e-07
S017,real,Cz,2.4586292827766947e-06,6.869877165562765e-07
S017,imaginacion,C3,3.540874630103332e-06,2.095093595221364e-06
S017,imaginacion,C4,3.0015326874944475e-06,1.2040409432931835e-06
S017,imaginacion,Cz,3.555761539653159e-06,7.950820584042627e-07
S018,real,C3,9.495158633229133e-08,5.055912583998861e-08
S018,real,C4,8.055039927004924e-08,4.8546773971749e-08
S018,real,Cz,9.483570479523164e-08,4.8036586076654426e-08
S018,imaginacion,C3,9.251648703973015e-08,5.2944675442970293e-08
S018,imaginacion,C4,8.097353708654638e-08,5.441784855717593e-08
S018,imaginacion,Cz,9.679107730777809e-08,5.4214469862294217e-08
S019,real,C3,1.8455371299180809e-06,8.297777347573613e-07
S019,real,C4,1.057510564789937e-06,5.829463111633285e-07
S019,real,Cz,1.5904369388655686e-06,7.767160395574709e-07
S019,imaginacion,C3,2.0547435713667693e-06,7.703999682338087e-07
S019,imaginacion,C4,1.2395200512397742e-06,6.350149309949201e-07
S019,imaginacion,Cz,1.8292093599634531e-06,7.392141890566026e-07
S020,real,C3,1.0220876887187305e-07,3.2891238248910183e-08
S020,real,C4,6.717327626474303e-08,2.348840375746746e-08
S020,real,Cz,1.0748667716175696e-07,3.2147187261945654e-08
S020,imaginacion,C3,1.0288145934444251e-07,3.608225543825663e-08
S020,imaginacion,C4,7.821019009570514e-08,2.5738871586323993e-08
S020,imaginacion,Cz,1.2374312938000753e-07,3.679146228127162e-08
S021,real,C3,6.535864259865323e-07,2.5950979402770927e-07
S021,real,C4,4.4222268437623943e-07,1.8059898586851774e-07
S021,real,Cz,6.037785703812929e-07,2.351248460651776e-07
S021,imaginacion,C3,7.068265853658865e-07,2.9690798366467275e-07
S021,imaginacion,C4,4.662084855289722e-07,2.0931573718319882e-07
S021,imaginacion,Cz,6.415387875696551e-07,2.703474730216299e-07
S022,real,C3,1.5170005691797644e-06,7.35212446154395e-07
S022,real,C4,1.5491758547761905e-06,7.094245989463686e-07
S022,real,Cz,1.7213880921100632e-06,8.010235749817997e-07
S022,imaginacion,C3,1.5379252852842095e-06,7.165527170411683e-07
S022,imaginacion,C4,1.5060709562876318e-06,7.25757750488543e-07
S022,imaginacion,Cz,1.741043366680967e-06,7.886253302152499e-07
S023,real,C3,3.19769477440697e-06,1.1925101348664134e-06
S023,real,C4,2.325164200931509e-06,9.510167888542043e-07
S023,real,Cz,3.2015589224612855e-06,1.1995516786049736e-06
S023,imaginacion,C3,3.6812295319003546e-06,1.1409287450352916e-06
S023,imaginacion,C4,2.821886979905306e-06,1.0162359143529872e-06
S023,imaginacion,Cz,3.7672222797040777e-06,1.2118519227171816e-06
S024,real,C3,4.311647717373614e-07,3.884908311346911e-07
S024,real,C4,3.587063577591613e-07,4.575503025024297e-07
S024,real,Cz,5.032182440842601e-07,3.8568426529381986e-07
S024,imaginacion,C3,5.730096774740023e-07,7.81513396953716e-07
S024,imaginacion,C4,4.7637566793932797e-07,6.651858527137123e-07
S024,imaginacion,Cz,6.359416689538044e-07,5.689452457261878e-07
S025,real,C3,4.6956295268427783e-07,1.3078834991114065e-07
S025,real,C4,4.528528528636287e-07,1.1848117355734312e-07
S025,real,Cz,5.233978291087068e-07,1.1935977780577388e-07
S025,imaginacion,C3,5.132934696491748e-07,1.4504920985089868e-07
S025,imaginacion,C4,4.850382304679191e-07,1.356102810573506e-07
S025,imaginacion,Cz,5.415971794546526e-07,1.3260552165852555e-07
S026,real,C3,1.4347041100018874e-07,8.384688518366615e-08
S026,real,C4,1.1019967758008247e-07,7.089898138839075e-08
S026,real,Cz,1.5931176229028203e-07,8.843448513768271e-08
S026,imaginacion,C3,1.4862803612077403e-07,7.531676913114404e-08
S026,imaginacion,C4,1.27749868815825e-07,1.0081247779935964e-07
S026,imaginacion,Cz,1.7039359837315563e-07,8.849895703729513e-08
S027,real,C3,3.338739948868285e-06,6.129511277222053e-07
S027,real,C4,2.160148556728813e-06,8.821390743177007e-07
S027,real,Cz,2.698533524287013e-06,4.37574948349779e-07
S027,imaginacion,C3,2.526221293189838e-06,5.413779606698126e-07
S027,imaginacion,C4,1.6993638462454146e-06,5.040251058627464e-07
S027,imaginacion,Cz,2.179890859804168e-06,4.1925481786367254e-07
S028,real,C3,4.332410930596481e-06,6.940136106051221e-07
S028,real,C4,2.9175597336575137e-06,4.165039326708375e-07
S028,real,Cz,4.015860198571542e-06,6.994075750381376e-07
S028,imaginacion,C3,4.7256138589694e-06,6.90101184964126e-07
S028,imaginacion,C4,3.439940892328279e-06,5.094321385834275e-07
S028,imaginacion,Cz,4.3934935187842466e-06,7.00988050733543e-07
S029,real,C3,5.005300946843054e-07,6.35709924947712e-08
S029,real,C4,4.573336796986881e-07,5.922594831698499e-08
S029,real,Cz,6.150702387487457e-07,5.8655803464106166e-08
S029,imaginacion,C3,8.136761293362292e-07,7.996607549134525e-08
S029,imaginacion,C4,6.200443927053455e-07,6.966404908157573e-08
S029,imaginacion,Cz,8.791998965052746e-07,7.261095486655144e-08
S030,real,C3,1.7577856619088985e-07,5.4231967275454226e-08
S030,real,C4,1.2577377203045384e-07,3.9236218297103316e-08
S030,real,Cz,1.6689871687145293e-07,4.563619799204944e-08
S030,imaginacion,C3,1.9603363757362315e-07,4.588124807327064e-08
S030,imaginacion,C4,1.4970195831657304e-07,3.5371652425838544e-08
S030,imaginacion,Cz,1.994473901568077e-07,3.980477509258915e-08
S031,real,C3,2.816711522000433e-06,5.475588848422448e-07
S031,real,C4,2.238869745528492e-06,4.05155048522214e-07
S031,real,Cz,3.1738981762396535e-06,5.787111458196272e-07
S031,imaginacion,C3,3.553965115185306e-06,5.709198865450765e-07
S031,imaginacion,C4,2.5822653511895414e-06,4.319770668971628e-07
S031,imaginacion,Cz,3.7882767335700214e-06,6.113497251283784e-07
S032,real,C3,2.412617177298529e-06,7.130727782315403e-07
S032,real,C4,2.420786981624512e-06,7.333342272355067e-07
S032,real,Cz,2.6605985908664382e-06,8.860861958368139e-07
S032,imaginacion,C3,1.2123406596173202e-06,6.661053862880289e-07
S032,imaginacion,C4,1.0690102069597495e-06,7.055801624329074e-07
S032,imaginacion,Cz,1.443281189608333e-06,7.822527582631732e-07
S033,real,C3,4.033201182168471e-07,2.005546250578664e-07
S033,real,C4,2.8978117598712126e-07,1.6235123082096425e-07
S033,real,Cz,3.0816890170814323e-07,1.5817642363898135e-07
S033,imaginacion,C3,1.598152459926096e-06,3.2282722519041055e-07
S033,imaginacion,C4,4.573690000148328e-07,2.2580343780049253e-07
S033,imaginacion,Cz,4.073972374915694e-07,1.9191155237620817e-07
S034,real,C3,4.056416901349488e-07,3.9578476840627365e-08
S034,real,C4,3.1774567988852617e-07,2.7500646137269275e-08
S034,real,Cz,3.454077948796198e-07,3.317136101296402e-08
S034,imaginacion,C3,6.416505045493889e-07,4.4646610165193134e-08
S034,imaginacion,C4,3.673473590427769e-07,2.883433404130429e-08
S034,imaginacion,Cz,4.6500871929466706e-07,3.5616379053129544e-08
S035,real,C3,7.806990597065679e-07,1.065921594998653e-07
S035,real,C4,6.690432492173789e-07,9.605129884505142e-08
S035,real,Cz,6.861423227247904e-07,1.035180416841436e-07
S035,imaginacion,C3,7.292870664029542e-07,1.0226535470942038e-07
S035,imaginacion,C4,6.141475382904029e-07,9.949100432096434e-08
S035,imaginacion,Cz,6.283086422091303e-07,1.0220811440515226e-07
S036,real,C3,5.8579748565583446e-06,1.8584527795703577e-06
S036,real,C4,3.825040246981667e-06,1.4909726774124658e-06
S036,real,Cz,5.830545736189131e-06,1.7741326549659803e-06
S036,imaginacion,C3,5.281040973582318e-06,1.7501907399356616e-06
S036,imaginacion,C4,3.6635204140805116e-06,1.3076064864758068e-06
S036,imaginacion,Cz,5.371285242709232e-06,1.6308294711124752e-06
S037,real,C3,8.569353952633948e-08,6.303816524577643e-08
S037,real,C4,7.283046197278097e-08,4.725151573574606e-08
S037,real,Cz,7.33103905172803e-08,4.7021219135331514e-08
S037,imaginacion,C3,8.731048871671876e-08,8.474443780073523e-08
S037,imaginacion,C4,7.100781991698351e-08,5.728671853646135e-08
S037,imaginacion,Cz,7.157298723938176e-08,5.7055560976898825e-08
S038,real,C3,1.6150640401076365e-06,5.324109320929391e-07
S038,real,C4,9.275764043783423e-07,3.0744354264796955e-07
S038,real,Cz,1.5570727880133557e-06,4.508704257521049e-07
S038,imaginacion,C3,1.40116775923407e-06,5.382877533254027e-07
S038,imaginacion,C4,8.593220195707021e-07,3.141530271000452e-07
S038,imaginacion,Cz,1.4469842494201739e-06,4.400578750826204e-07
S039,real,C3,3.039703740258234e-06,1.0890439659023618e-06
S039,real,C4,3.0850616252391982e-06,9.698887831813103e-07
S039,real,Cz,4.087944350434544e-06,1.1037019343272384e-06
S039,imaginacion,C3,3.2008786902857577e-06,9.084010159915228e-07
S039,imaginacion,C4,3.7568891845625062e-06,1.0184565975004149e-06
S039,imaginacion,Cz,4.252725206761731e-06,1.0654133061594088e-06
S040,real,C3,6.80645037184478e-07,2.800516630890373e-07
S040,real,C4,6.45312239463723e-07,2.5161198796156585e-07
S040,real,Cz,7.444757252631395e-07,2.8181850047105877e-07
S040,imaginacion,C3,7.249708265493009e-07,2.6250865126098437e-07
S040,imaginacion,C4,6.053656477754655e-07,2.41411553278281e-07
S040,imaginacion,Cz,9.725037947248914e-07,3.7989259014253396e-07
S041,real,C3,1.4882434918943445e-07,4.796068919436419e-08
S041,real,C4,1.0515494536960942e-07,3.633009143794632e-08
S041,real,Cz,1.3925988658524468e-07,4.705709811966511e-08
S041,imaginacion,C3,1.4982180096472669e-07,5.591859379149395e-08
S041,imaginacion,C4,9.990585491854959e-08,4.479911246291217e-08
S041,imaginacion,Cz,1.372764237690996e-07,5.607753192697378e-08
S042,real,C3,7.030547893424745e-07,8.15767049211836e-08
S042,real,C4,4.965035633426679e-07,6.976252671793495e-08
S042,real,Cz,7.33643187130479e-07,7.844421697083806e-08
S042,imaginacion,C3,1.1339880851033104e-06,9.715165118617276e-08
S042,imaginacion,C4,6.628232654828333e-07,8.124871075492478e-08
S042,imaginacion,Cz,9.871854065364025e-07,7.950984912519716e-08
S043,real,C3,1.8611029241893907e-06,7.422498797995754e-07
S043,real,C4,1.3344343072304818e-06,5.718417699770097e-07
S043,real,Cz,2.027668729580221e-06,9.288361183278458e-07
S043,imaginacion,C3,2.0316588110448035e-06,7.732847037261132e-07
S043,imaginacion,C4,1.2463854522243174e-06,5.68375001792644e-07
S043,imaginacion,Cz,1.7444238100875846e-06,9.187638020533005e-07
S044,real,C3,8.559681613286132e-06,8.657373939209559e-07
S044,real,C4,7.792741587221848e-06,6.910086762093247e-07
S044,real,Cz,8.332346474141279e-06,8.907594395744817e-07
S044,imaginacion,C3,1.0524936262444483e-05,8.597593963689025e-07
S044,imaginacion,C4,9.144796448188997e-06,6.932570381295705e-07
S044,imaginacion,Cz,1.0813367869783355e-05,8.773277593442563e-07
S045,real,C3,3.0772674797164468e-06,1.0122516197379338e-06
S045,real,C4,1.9351083279824648e-06,7.598933063495673e-07
S045,real,Cz,3.0484908749786587e-06,8.247877188610916e-07
S045,imaginacion,C3,3.6782797941545807e-06,1.1213739110315968e-06
S045,imaginacion,C4,2.0158605193958965e-06,7.39654305031454e-07
S045,imaginacion,Cz,3.4559568185074213e-06,9.482346203481233e-07
S046,real,C3,2.0643229025960047e-06,7.181150767505104e-07
S046,real,C4,1.865888486912796e-06,6.180264576721474e-07
S046,real,Cz,2.3698645369490865e-06,7.800384329141348e-07
S046,imaginacion,C3,1.6210240026358984e-06,5.2494795448923e-07
S046,imaginacion,C4,1.4520301741994642e-06,5.435361962864711e-07
S046,imaginacion,Cz,1.888189938649407e-06,7.07544756364793e-07
S047,real,C3,3.819254284610706e-07,8.33062605546975e-08
S047,real,C4,2.277379752385835e-07,5.61992839641931e-08
S047,real,Cz,3.932526404184646e-07,7.976818791143627e-08
S047,imaginacion,C3,3.852378838066391e-07,8.471894809743088e-08
S047,imaginacion,C4,2.4796811822390947e-07,5.965129132593777e-08
S047,imaginacion,Cz,4.1125379621985284e-07,8.478515805277402e-08
S048,real,C3,1.557256109156627e-05,1.403813179099011e-06
S048,real,C4,1.282192698395555e-05,1.1615693473087415e-06
S048,real,Cz,1.621865525552398e-05,1.6966647373312562e-06
S048,imaginacion,C3,1.958286618914772e-05,1.7147290041115316e-06
S048,imaginacion,C4,1.6080950801453543e-05,1.352082703153383e-06
S048,imaginacion,Cz,2.122424360620416e-05,1.96548890436154e-06
S049,real,C3,1.69225091195612e-06,2.069647635148259e-06
S049,real,C4,1.053744559099468e-06,1.0379683721270584e-06
S049,real,Cz,1.4554842465775286e-06,1.979560010087837e-06
S049,imaginacion,C3,1.6915969974525445e-06,2.112282213232805e-06
S049,imaginacion,C4,1.2922789632295164e-06,1.1982692147985805e-06
S049,imaginacion,Cz,1.7383611643211889e-06,2.085375338127887e-06
S050,real,C3,5.171046974532555e-07,1.982295282722415e-07
S050,real,C4,3.731561031110235e-07,1.7826635267784941e-07
S050,real,Cz,5.144387761586117e-07,2.0819173185525946e-07
S050,imaginacion,C3,5.057533081614638e-07,2.0109031100103296e-07
S050,imaginacion,C4,3.32346958005202e-07,1.7682563522423296e-07
S050,imaginacion,Cz,4.945277706741759e-07,2.1403996275337754e-07
S051,real,C3,3.062578417863572e-08,1.4660729972961969e-08
S051,real,C4,2.5016272773175527e-08,1.0341666349531827e-08
S051,real,Cz,3.560792616778358e-08,1.525265165033596e-08
S051,imaginacion,C3,3.02203762582861e-08,1.4397195323235241e-08
S051,imaginacion,C4,2.3342134738656502e-08,1.098409341683146e-08
S051,imaginacion,Cz,3.379272024400277e-08,1.5077981418038644e-08
S052,real,C3,3.8086467233952823e-06,6.51079399099933e-07
S052,real,C4,2.863833805687361e-06,4.6195821926774895e-07
S052,real,Cz,6.696819124846019e-06,8.178726588487197e-07
S052,imaginacion,C3,6.864846729276461e-06,7.870251451902135e-07
S052,imaginacion,C4,3.5667096247320964e-06,4.913760633302786e-07
S052,imaginacion,Cz,7.396736477557248e-06,9.037854484574454e-07
S053,real,C3,2.8658906079201385e-06,1.1136904357851233e-06
S053,real,C4,1.5324538095034764e-06,8.506436810752713e-07
S053,real,Cz,2.259202890832569e-06,1.03132723239464e-06
S053,imaginacion,C3,2.819958954931897e-06,1.070975113091622e-06
S053,imaginacion,C4,1.5027524957463213e-06,7.614542780350391e-07
S053,imaginacion,Cz,2.2684309426921263e-06,9.358494588295674e-07
S054,real,C3,7.056886258382351e-06,6.796905238236283e-07
S054,real,C4,6.385114395156326e-06,6.063067866513629e-07
S054,real,Cz,5.9598434227107016e-06,6.534628269289473e-07
S054,imaginacion,C3,9.342788619560108e-06,7.430705524610436e-07
S054,imaginacion,C4,7.669428002092734e-06,5.942715929095864e-07
S054,imaginacion,Cz,6.588624433844556e-06,6.22639750386978e-07
S055,real,C3,1.2583475386714764e-07,1.9731855596402493e-08
S055,real,C4,1.2240211562075824e-07,1.656432638965997e-08
S055,real,Cz,1.5676326576513362e-07,2.344320446680471e-08
S055,imaginacion,C3,1.3794623632356713e-07,2.022897137971801e-08
S055,imaginacion,C4,1.1772444801696535e-07,1.7257910270381333e-08
S055,imaginacion,Cz,1.4824391874983068e-07,2.3714957087697127e-08
S056,real,C3,9.418540020602925e-06,1.0995137531250465e-06
S056,real,C4,6.404850635374498e-06,8.837582435416765e-07
S056,real,Cz,9.108800795542341e-06,1.0112865570943432e-06
S056,imaginacion,C3,1.1153160256069176e-05,1.2714048668453174e-06
S056,imaginacion,C4,6.530221026626256e-06,9.530961686537176e-07
S056,imaginacion,Cz,9.990877124659795e-06,1.1169222034213045e-06
S057,real,C3,1.5854002284426716e-06,8.900681178855894e-07
S057,real,C4,1.277458676789042e-06,6.534082971012279e-07
S057,real,Cz,1.6543372976266981e-06,7.960313451193399e-07
S057,imaginacion,C3,1.8929983466688196e-06,9.104932121464215e-07
S057,imaginacion,C4,1.33964772838709e-06,6.857730914566192e-07
S057,imaginacion,Cz,1.9387255849882005e-06,8.51018802254467e-07
S058,real,C3,9.926164837941508e-07,8.560130238097907e-07
S058,real,C4,6.926257995829425e-07,6.56742704698935e-07
S058,real,Cz,9.005825709816762e-07,7.345014635138695e-07
S058,imaginacion,C3,9.024681677053841e-07,6.295635819758423e-07
S058,imaginacion,C4,7.153851177674785e-07,5.639618033894652e-07
S058,imaginacion,Cz,9.13630126188377e-07,5.424951924504013e-07
S059,real,C3,2.328059415597568e-06,8.18269065229791e-07
S059,real,C4,1.6805383901198562e-06,5.391242285646983e-07
S059,real,Cz,2.2356831054103054e-06,7.29236175542948e-07
S059,imaginacion,C3,3.897292531953208e-06,9.503900629542881e-07
S059,imaginacion,C4,2.272868805644053e-06,5.630152536397809e-07
S059,imaginacion,Cz,3.2190017600477126e-06,7.733382996044714e-07
S060,real,C3,2.7618729782032763e-06,8.0607464167038e-07
S060,real,C4,2.019498338683992e-06,5.975475783518214e-07
S060,real,Cz,3.22826835972171e-06,9.416731057194378e-07
S060,imaginacion,C3,4.2857287112814495e-06,9.080024835949709e-07
S060,imaginacion,C4,2.3391974750235833e-06,6.361679068684387e-07
S060,imaginacion,Cz,3.457061384243322e-06,1.0124309246488984e-06
S061,real,C3,5.22791384513129e-06,1.1298253284185795e-06
S061,real,C4,5.005854797311605e-06,1.125783347609122e-06
S061,real,Cz,6.176385485695715e-06,1.199360201657036e-06
S061,imaginacion,C3,7.106753112383303e-06,1.5726905935920244e-06
S061,imaginacion,C4,6.932954973195345e-06,1.545921226885866e-06
S061,imaginacion,Cz,8.202686680880128e-06,1.6497160553954153e-06
S062,real,C3,5.188207678667427e-07,1.0702787464632995e-07
S062,real,C4,5.181615823090589e-07,9.352816610281321e-08
S062,real,Cz,7.297259882163633e-07,1.2128084525511053e-07
S062,imaginacion,C3,7.475360334920905e-07,1.295623963984407e-07
S062,imaginacion,C4,7.089789069863682e-07,1.1159593216026707e-07
S062,imaginacion,Cz,9.280316777813853e-07,1.4190927507982504e-07
S063,real,C3,5.488192045172994e-07,2.876124171398e-07
S063,real,C4,4.3610371111982865e-07,2.089190479323084e-07
S063,real,Cz,5.623808987886845e-07,2.291762633778911e-07
S063,imaginacion,C3,5.496124027583021e-07,4.155066424776441e-07
S063,imaginacion,C4,3.875768946846725e-07,2.975429393988378e-07
S063,imaginacion,Cz,4.748579716547917e-07,2.487040479969263e-07
S064,real,C3,1.7104470950764197e-07,6.037631625396268e-08
S064,real,C4,1.3468933245228964e-07,4.993739866767343e-08
S064,real,Cz,2.183259664819073e-07,5.977915738632643e-08
S064,imaginacion,C3,1.4231256034903287e-07,5.339263838624863e-08
S064,imaginacion,C4,1.117817616822801e-07,4.184814773204251e-08
S064,imaginacion,Cz,1.5981938061850167e-07,5.4090875901920875e-08
S065,real,C3,2.521779108813253e-06,5.376366628107607e-07
S065,real,C4,2.1417778269715436e-06,4.525877884595955e-07
S065,real,Cz,2.886498418927534e-06,5.266469852198824e-07
S065,imaginacion,C3,2.4499803130908306e-06,5.776542422188126e-07
S065,imaginacion,C4,1.9090328819875434e-06,4.945386252474794e-07
S065,imaginacion,Cz,2.848855564359216e-06,5.797266914212232e-07
S066,real,C3,1.92338661582172e-06,3.6430529243664965e-07
S066,real,C4,9.622520794045497e-07,2.0880321222887634e-07
S066,real,Cz,1.4510489619936565e-06,3.641072064940673e-07
S066,imaginacion,C3,1.9133718189484366e-06,3.208516500142122e-07
S066,imaginacion,C4,1.2167221847611145e-06,2.0187930963990386e-07
S066,imaginacion,Cz,1.6873692800169816e-06,3.5616862425219366e-07
S067,real,C3,1.1074255755926787e-07,1.5122809424584486e-07
S067,real,C4,1.0052005887909791e-07,1.4516717668113693e-07
S067,real,Cz,8.372737911034986e-08,8.498737500824016e-08
S067,imaginacion,C3,1.1712169370552206e-07,1.1788599189811199e-07
S067,imaginacion,C4,8.25440322887573e-08,8.74529039852413e-08
S067,imaginacion,Cz,6.952485178604911e-08,5.216024868381e-08
S068,real,C3,2.386614506382087e-06,8.168019746769796e-07
S068,real,C4,1.3052769645128061e-06,6.039890444149758e-07
S068,real,Cz,1.8881985688044931e-06,6.282626666980668e-07
S068,imaginacion,C3,2.288315246977491e-06,6.882087274695394e-07
S068,imaginacion,C4,1.4003945680787276e-06,4.622627646911457e-07
S068,imaginacion,Cz,2.024469207184662e-06,6.200748077416859e-07
S069,real,C3,7.523689174758204e-07,3.50296271409049e-07
S069,real,C4,6.813680772670424e-07,2.948102074963127e-07
S069,real,Cz,7.562040329460498e-07,2.914732575185508e-07
S069,imaginacion,C3,1.1489024622949364e-06,3.9210864766705644e-07
S069,imaginacion,C4,8.444131942330702e-07,2.766175012032434e-07
S069,imaginacion,Cz,9.442931493748817e-07,2.8251677558938804e-07
S070,real,C3,3.8507552311502174e-06,8.883864883639537e-07
S070,real,C4,2.713829472452157e-06,5.713531427955692e-07
S070,real,Cz,4.018093027328718e-06,7.616033738725009e-07
S070,imaginacion,C3,3.986149366585597e-06,1.046215759791097e-06
S070,imaginacion,C4,2.931841114204284e-06,6.391130487015343e-07
S070,imaginacion,Cz,4.296844017374173e-06,8.389757308478033e-07
S071,real,C3,2.380793656473005e-06,6.758981365405995e-07
S071,real,C4,1.7151823983237792e-06,5.350884228445686e-07
S071,real,Cz,2.223909303111386e-06,6.600931855984001e-07
S071,imaginacion,C3,2.445954811499998e-06,6.873036048224248e-07
S071,imaginacion,C4,1.652243151131276e-06,5.067990036899819e-07
S071,imaginacion,Cz,2.348167771811691e-06,6.498777335308152e-07
S072,real,C3,8.773500641351429e-08,2.4298442818751677e-08
S072,real,C4,7.785558885636211e-08,1.9801068774595174e-08
S072,real,Cz,5.702542402069289e-08,2.3060015827119994e-08
S072,imaginacion,C3,1.3682518330717685e-07,2.6045395625879096e-08
S072,imaginacion,C4,8.441283848483349e-08,2.093754288310907e-08
S072,imaginacion,Cz,6.967833549084957e-08,2.2511972204809054e-08
S073,real,C3,2.488978558749833e-07,8.340369706636202e-08
S073,real,C4,1.558925169031364e-07,6.404115838775373e-08
S073,real,Cz,2.314520763038495e-07,7.415376164038602e-08
S073,imaginacion,C3,2.7036946060766276e-07,8.454867372552427e-08
S073,imaginacion,C4,1.6235978966390065e-07,6.813853261541839e-08
S073,imaginacion,Cz,2.4252401836679e-07,7.61054626985192e-08
S074,real,C3,2.679512764364962e-07,2.2371362523146555e-07
S074,real,C4,2.1766286399305353e-07,1.337237288884402e-07
S074,real,Cz,2.7977111256285936e-07,2.2177722086144483e-07
S074,imaginacion,C3,2.69170055148902e-07,1.7715473231924445e-07
S074,imaginacion,C4,2.2446653830308508e-07,1.499950287299859e-07
S074,imaginacion,Cz,3.3204102215726025e-07,2.545382513137623e-07
S075,real,C3,5.127767630263534e-06,1.3673018877198793e-06
S075,real,C4,3.6029669555140822e-06,8.505242986636336e-07
S075,real,Cz,5.9769470886740985e-06,1.2477751852606384e-06
S075,imaginacion,C3,6.726408708865755e-06,1.515172750159143e-06
S075,imaginacion,C4,4.5061108439382215e-06,9.231321734405906e-07
S075,imaginacion,Cz,7.242757991192142e-06,1.226243372831241e-06
S076,real,C3,1.8659340510253508e-07,1.481847891318412e-07
S076,real,C4,1.6800241577668323e-07,1.2632993375185388e-07
S076,real,Cz,1.8332549932865788e-07,1.1925411942664356e-07
S076,imaginacion,C3,1.6240915853738348e-07,1.5560668003590737e-07
S076,imaginacion,C4,1.4253920981334258e-07,1.399236100421845e-07
S076,imaginacion,Cz,1.5442700903486919e-07,1.282559679112505e-07
S077,real,C3,2.330199774955054e-06,7.979857550533668e-07
S077,real,C4,1.9140523770044308e-06,6.268564702554147e-07
S077,real,Cz,2.407834276310049e-06,7.601385204187541e-07
S077,imaginacion,C3,3.377297211508764e-06,8.93762792321078e-07
S077,imaginacion,C4,2.9931782722182727e-06,8.137687678183266e-07
S077,imaginacion,Cz,3.8563159379629786e-06,9.56661267612243e-07
S078,real,C3,1.164985957760014e-06,2.754987943595354e-07
S078,real,C4,1.2626040035161798e-06,1.35653969318832e-07
S078,real,Cz,1.5210187228099004e-06,1.6151296885892102e-07
S078,imaginacion,C3,1.1913487160120196e-06,1.391597227147589e-07
S078,imaginacion,C4,1.2952736535983116e-06,1.2028078894174215e-07
S078,imaginacion,Cz,1.538585302700613e-06,1.3753082632958382e-07
S079,real,C3,5.147886203606712e-06,1.657211615149507e-06
S079,real,C4,4.055536752280338e-06,1.1495865429925202e-06
S079,real,Cz,5.377400409537914e-06,1.4452028442618409e-06
S079,imaginacion,C3,5.160593869438538e-06,1.6135922622876805e-06
S079,imaginacion,C4,3.727093590498822e-06,1.1631177244559734e-06
S079,imaginacion,Cz,5.089377851983995e-06,1.463574385725529e-06
S080,real,C3,1.1198424095945263e-06,4.1176817650713794e-07
S080,real,C4,7.552942470898407e-07,2.556497034556139e-07
S080,real,Cz,1.128683636615034e-06,3.7167135919595604e-07
S080,imaginacion,C3,1.023870446234865e-06,3.9422108105097836e-07
S080,imaginacion,C4,6.728503377240112e-07,2.467188296307134e-07
S080,imaginacion,Cz,9.915946506375395e-07,3.5551567031899876e-07
S081,real,C3,4.812366557416658e-07,1.0208734236811161e-07
S081,real,C4,4.480849909156587e-07,9.087983226305514e-08
S081,real,Cz,4.3228637217414593e-07,8.6439875290842e-08
S081,imaginacion,C3,5.467092573620418e-07,1.3815046786591286e-07
S081,imaginacion,C4,4.889381457553461e-07,1.198059954642919e-07
S081,imaginacion,Cz,4.723117028676394e-07,1.1418518661565928e-07
S082,real,C3,2.523680457354795e-06,3.948360492573649e-07
S082,real,C4,2.4176703468980908e-06,3.576790555785873e-07
S082,real,Cz,2.470545822335579e-06,3.5849377222053286e-07
S082,imaginacion,C3,2.2858825948031064e-06,3.449001947062423e-07
S082,imaginacion,C4,2.4739183108169153e-06,3.7082406012712556e-07
S082,imaginacion,Cz,2.4394181767679118e-06,3.3246584159236695e-07
S083,real,C3,4.387173001536166e-06,1.2366712633697674e-06
S083,real,C4,3.1906362338480266e-06,7.637488508101983e-07
S083,real,Cz,4.438488022487869e-06,1.0612763347424657e-06
S083,imaginacion,C3,4.147996645810091e-06,1.5000509637901548e-06
S083,imaginacion,C4,3.0852647774055246e-06,9.528806896169471e-07
S083,imaginacion,Cz,4.720175438172805e-06,1.29846437433571e-06
S084,real,C3,3.0693028370017847e-06,4.975366023168317e-07
S084,real,C4,2.4858035037818666e-06,3.9523244680104727e-07
S084,real,Cz,2.9455646367145416e-06,4.4624779563626697e-07
S084,imaginacion,C3,4.246342589771209e-06,5.089206426548878e-07
S084,imaginacion,C4,2.920902121033668e-06,3.652780331275643e-07
S084,imaginacion,Cz,3.57972624753955e-06,4.816410297331767e-07
S085,real,C3,5.562412905071541e-07,1.8422150820116843e-07
S085,real,C4,6.991278427705817e-07,2.1097405580093848e-07
S085,real,Cz,6.268311956349637e-07,1.7606628725113036e-07
S085,imaginacion,C3,1.2099676826915653e-06,1.9539681293761107e-07
S085,imaginacion,C4,1.119413691086569e-06,2.1719652521166735e-07
S085,imaginacion,Cz,8.617388803517248e-07,1.8523291726541e-07
S086,real,C3,1.4540521141171903e-06,6.535799135314514e-07
S086,real,C4,1.3338244059566049e-06,5.042317624030556e-07
S086,real,Cz,1.4972637127131549e-06,5.777048030931201e-07
S086,imaginacion,C3,1.63272911608622e-06,6.114130056108708e-07
S086,imaginacion,C4,1.5057138971802964e-06,5.430428195741548e-07
S086,imaginacion,Cz,1.7735829498606028e-06,5.464821010201284e-07
S087,real,C3,2.967290297739291e-06,1.0788778860465508e-06
S087,real,C4,2.1052181135798806e-06,8.593418975162001e-07
S087,real,Cz,2.880887159231426e-06,1.0179972142796501e-06
S087,imaginacion,C3,2.9474334452591815e-06,1.0958572598745503e-06
S087,imaginacion,C4,2.4741242519397828e-06,9.614930170292013e-07
S087,imaginacion,Cz,3.177061942146031e-06,1.0961818626527169e-06
S088,real,C3,1.7338006869589148e-06,4.627370212673683e-07
S088,real,C4,1.2138341385029155e-06,3.5620073311348684e-07
S088,real,Cz,1.542662461132708e-06,4.152298713323002e-07
S088,imaginacion,C3,1.5586097199377277e-06,5.76591498424949e-07
S088,imaginacion,C4,1.15871507459531e-06,4.6454289268471704e-07
S088,imaginacion,Cz,1.3945787913361717e-06,4.866237777335399e-07
S089,real,C3,6.468508851748313e-08,2.8718577063929257e-08
S089,real,C4,4.941513585076448e-08,1.929642952500943e-08
S089,real,Cz,6.866728102796266e-08,2.8645388280337492e-08
S089,imaginacion,C3,6.753155775241306e-08,2.756649585824498e-08
S089,imaginacion,C4,4.803554153865358e-08,1.9194682158335805e-08
S089,imaginacion,Cz,7.4875916754837e-08,3.118907012790139e-08
S090,real,C3,2.3741927117042257e-06,5.977919559129311e-07
S090,real,C4,1.8443665983514082e-06,3.717612483001184e-07
S090,real,Cz,2.5939361770443385e-06,4.326894135736827e-07
S090,imaginacion,C3,2.8415634466848407e-06,7.852654806689172e-07
S090,imaginacion,C4,2.808665465289467e-06,4.6030859314016087e-07
S090,imaginacion,Cz,3.43328361022207e-06,5.43441862826237e-07
S091,real,C3,3.2232948611829803e-06,1.870679255684354e-06
S091,real,C4,2.167944349079937e-06,1.039923770809906e-06
S091,real,Cz,3.223733489689229e-06,1.510998107844609e-06
S091,imaginacion,C3,3.449741711451859e-06,1.575877605237548e-06
S091,imaginacion,C4,2.177315448228262e-06,1.0890053174846695e-06
S091,imaginacion,Cz,3.3511101904767613e-06,1.5764943288053028e-06
S092,real,C3,5.732143947823797e-06,1.1342560149619338e-06
S092,real,C4,3.5690862333881704e-06,5.306168754505962e-07
S092,real,Cz,6.068061610351717e-06,8.400444931000309e-07
S092,imaginacion,C3,7.090094677579491e-06,1.1912804499373388e-06
S092,imaginacion,C4,5.634235714394568e-06,5.609834673040403e-07
S092,imaginacion,Cz,8.108905708041556e-06,9.108441549586898e-07
S093,real,C3,5.612918448896391e-07,1.2705750751261847e-07
S093,real,C4,3.9651144128937486e-07,8.890737226437972e-08
S093,real,Cz,5.73676301463292e-07,1.338799338849991e-07
S093,imaginacion,C3,6.577987714612971e-07,1.2650043976919467e-07
S093,imaginacion,C4,4.688434417445937e-07,9.373793947708288e-08
S093,imaginacion,Cz,6.376839735370836e-07,1.496229032019175e-07
S094,real,C3,2.2705318151422414e-06,5.221825205973696e-07
S094,real,C4,3.6966036458569702e-06,5.748907934980794e-07
S094,real,Cz,3.7576353333714332e-06,6.126646191553078e-07
S094,imaginacion,C3,3.7066776707893874e-06,6.529684154225356e-07
S094,imaginacion,C4,7.0885092594964644e-06,6.545008249107913e-07
S094,imaginacion,Cz,7.285908099150938e-06,7.769383898229462e-07
S095,real,C3,4.365424363467505e-06,1.2962974746288522e-06
S095,real,C4,4.212006653976039e-06,1.1780608514840725e-06
S095,real,Cz,5.0852450382617325e-06,1.4044225911146312e-06
S095,imaginacion,C3,3.944276925803737e-06,1.4451960633345748e-06
S095,imaginacion,C4,3.791852966124399e-06,1.3824590749463339e-06
S095,imaginacion,Cz,4.694212700723297e-06,1.5772095628377815e-06
S096,real,C3,4.203720227343899e-06,1.5451673193630125e-06
S096,real,C4,4.585869028288213e-06,1.5233564076191343e-06
S096,real,Cz,4.847123398538333e-06,1.5591956054787706e-06
S096,imaginacion,C3,3.989814270447643e-06,1.7086685813400705e-06
S096,imaginacion,C4,4.253155723078576e-06,1.889120005025068e-06
S096,imaginacion,Cz,4.805616782224611e-06,1.7408210100171023e-06
S097,real,C3,2.879140416399492e-06,7.208268649235443e-07
S097,real,C4,1.932458984951124e-06,5.375494254022192e-07
S097,real,Cz,2.6909959336729928e-06,6.60638100968832e-07
S097,imaginacion,C3,2.5534784579118118e-06,7.64168161264187e-07
S097,imaginacion,C4,1.5905276491753319e-06,5.619605830296813e-07
S097,imaginacion,Cz,2.2169969084365742e-06,6.838156236289552e-07
S098,real,C3,7.11640145419122e-07,7.435612548397252e-08
S098,real,C4,7.134581622457038e-07,6.320803987413507e-08
S098,real,Cz,8.585366333737658e-07,7.725268730496021e-08
S098,imaginacion,C3,9.85391203749349e-07,8.641746899737831e-08
S098,imaginacion,C4,9.52154384492773e-07,6.629992039526849e-08
S098,imaginacion,Cz,1.192674379981605e-06,7.614468448652723e-08
S099,real,C3,6.977349501944954e-06,2.029434041236306e-06
S099,real,C4,3.449831443181245e-06,9.78191748143341e-07
S099,real,Cz,6.137503173897358e-06,1.4535300803942174e-06
S099,imaginacion,C3,6.265228050521425e-06,2.566337434112184e-06
S099,imaginacion,C4,3.2776721498943106e-06,1.2373832772392254e-06
S099,imaginacion,Cz,5.667679443566794e-06,1.8037964038639056e-06
S100,real,C3,2.0736333166415437e-06,4.0468065214558133e-07
S100,real,C4,1.431041306612963e-06,2.804283436743623e-07
S100,real,Cz,2.604677819036489e-06,4.365712549218403e-07
S100,imaginacion,C3,3.5389963197082307e-06,5.244963147603096e-07
S100,imaginacion,C4,2.524022206828146e-06,3.873386990648496e-07
S100,imaginacion,Cz,3.581236531691431e-06,4.915892228469705e-07
S101,real,C3,1.5930147054364758e-06,6.214015542580138e-07
S101,real,C4,1.1055324389636334e-06,4.819499885945858e-07
S101,real,Cz,1.3753176079997392e-06,5.043720842312386e-07
S101,imaginacion,C3,1.6186359837757412e-06,7.327852276264964e-07
S101,imaginacion,C4,1.2088862545296881e-06,6.0137665196215e-07
S101,imaginacion,Cz,1.5049218829845525e-06,5.983132683263225e-07
S102,real,C3,2.135345542671936e-07,6.92904968271789e-08
S102,real,C4,1.4802917643106154e-07,4.9708587793429244e-08
S102,real,Cz,1.8755201587529853e-07,6.264831907170275e-08
S102,imaginacion,C3,2.2491349459749216e-07,6.344052469214262e-08
S102,imaginacion,C4,1.6668066104305328e-07,4.9760157685936086e-08
S102,imaginacion,Cz,2.1696573495323055e-07,5.5507317875800615e-08
S103,real,C3,6.884728630845952e-06,1.3722658981163272e-06
S103,real,C4,5.034968882593638e-06,8.68487371488e-07
S103,real,Cz,7.14016809401881e-06,1.2809196419926151e-06
S103,imaginacion,C3,5.938103405393494e-06,1.383123984221945e-06
S103,imaginacion,C4,4.447444978404614e-06,9.211504289164327e-07
S103,imaginacion,Cz,5.899626008552425e-06,1.4074595186172492e-06
S104,real,C3,2.0079998177358926e-06,3.3195176547113524e-07
S104,real,C4,2.0595294789171863e-06,3.003183933779555e-07
S104,real,Cz,2.3574087562895443e-06,3.288396362069668e-07
S104,imaginacion,C3,1.0800698255931483e-06,2.296918919433697e-07
S104,imaginacion,C4,1.1664567592426346e-06,2.4215554702670307e-07
S104,imaginacion,Cz,1.3397320416992851e-06,2.6534515982879404e-07
S105,real,C3,1.1981459605988742e-06,2.1893204630896601e-07
S105,real,C4,8.32377543404261e-07,1.8283992680874527e-07
S105,real,Cz,1.0884093683909465e-06,2.3173621511270574e-07
S105,imaginacion,C3,1.0375343133577593e-06,2.113328806859027e-07
S105,imaginacion,C4,8.079850802060898e-07,1.8659482526043284e-07
S105,imaginacion,Cz,9.4052521740773e-07,2.1830847293870684e-07
S106,real,C3,2.5565816185498856e-06,4.807651254038235e-07
S106,real,C4,2.815006265522742e-06,4.6017848793324025e-07
S106,real,Cz,3.600219769550727e-06,5.981094278538844e-07
S106,imaginacion,C3,2.4073550955913623e-06,4.78571254060019e-07
S106,imaginacion,C4,3.2496404263692057e-06,4.5945879009147703e-07
S106,imaginacion,Cz,4.124895324709008e-06,6.199796963243426e-07
S107,real,C3,5.885872096674664e-06,1.0406771220015338e-06
S107,real,C4,3.6860602331033603e-06,6.503168979753001e-07
S107,real,Cz,5.472711600504972e-06,8.257260861928384e-07
S107,imaginacion,C3,5.472189856345246e-06,8.780123642594545e-07
S107,imaginacion,C4,3.560767190380822e-06,5.964335205394761e-07
S107,imaginacion,Cz,5.398943919571854e-06,7.620554247262827e-07
S108,real,C3,2.281191281023185e-06,5.080880128673182e-07
S108,real,C4,1.824381705978446e-06,3.588329216072935e-07
S108,real,Cz,2.479743722763881e-06,4.537915053446239e-07
S108,imaginacion,C3,3.165929000874459e-06,6.868346363827172e-07
S108,imaginacion,C4,2.145645976639984e-06,4.692985027037329e-07
S108,imaginacion,Cz,2.290329347878917e-06,5.39763148281201e-07
S109,real,C3,7.298341650217931e-07,3.036735787418472e-07
S109,real,C4,0.00011089220540164575,3.4905749105474604e-05
S109,real,Cz,8.349026026450817e-07,3.138154905282862e-07
S109,imaginacion,C3,9.601255770668235e-07,2.9551860258406204e-07
S109,imaginacion,C4,0.00010896667951764089,3.0763353689486604e-05
S109,imaginacion,Cz,1.048674578170177e-06,3.157147502455342e-07
